<?xml version="1.0" encoding="UTF-8"?>
<project-private xmlns="http://www.netbeans.org/ns/project-private/1">
    <editor-bookmarks xmlns="http://www.netbeans.org/ns/editor-bookmarks/2" lastBookmarkId="0"/>
    <open-files xmlns="http://www.netbeans.org/ns/projectui-open-files/2">
        <group>
            <file>file:/F:/Universidad/USAC/2019/2%20Semestre/Compi%201/Practica_Compi1/GraficadorBarras/src/graficadorbarras/AnalizarDatos.java</file>
            <file>file:/F:/Universidad/USAC/2019/2%20Semestre/Compi%201/Practica_Compi1/GraficadorBarras/src/graficadorbarras/GraficadorBarras.java</file>
            <file>file:/F:/Universidad/USAC/2019/2%20Semestre/Compi%201/Practica_Compi1/GraficadorBarras/src/analizadores/Sintactico_Reportes.cup</file>
            <file>file:/F:/Universidad/USAC/2019/2%20Semestre/Compi%201/Practica_Compi1/GraficadorBarras/src/analizadores/parser.java</file>
            <file>file:/F:/Universidad/USAC/2019/2%20Semestre/Compi%201/Practica_Compi1/GraficadorBarras/src/clases/Registro.java</file>
            <file>file:/F:/Universidad/USAC/2019/2%20Semestre/Compi%201/Practica_Compi1/GraficadorBarras/src/graficadorbarras/Vista.java</file>
            <file>file:/F:/Universidad/USAC/2019/2%20Semestre/Compi%201/Practica_Compi1/GraficadorBarras/src/analizadores_datos/parser.java</file>
        </group>
    </open-files>
</project-private>
